<?xml version="1.0" ?>
<manifest identifier="NkmlYp-XCFWynpz3cUcyH-1OcSTgOZsnOYlmbgKY" version="1"
  xmlns="http://www.imsproject.org/xsd/imscp_rootv1p1p2"
  xmlns:adlcp="http://www.adlnet.org/xsd/adlcp_rootv1p2"
  xmlns:xsi="http://www.w3.org/2001/XMLSchema-instance"
  xsi:schemaLocation="http://www.imsproject.org/xsd/imscp_rootv1p1p2 imscp_rootv1p1p2.xsd
                      http://www.imsglobal.org/xsd/imsmd_rootv1p2p1 imsmd_rootv1p2p1.xsd
                      http://www.adlnet.org/xsd/adlcp_rootv1p2 adlcp_rootv1p2.xsd">
  <metadata>
    <schema>ADL SCORM</schema>
    <schemaversion>1.2</schemaversion>
    <adlcp:location>metadata.xml</adlcp:location>
  </metadata>
  <organizations default="articulate_rise">
      <organization identifier="articulate_rise">
      <title>Exporting Adobe Captivate Content to SCORM Test Track</title>
      <item identifier="i1" identifierref="r1" isvisible="true">
        <title>Exporting Adobe Captivate Content to SCORM Test Track</title>
        <adlcp:datafromlms>eyJjcHYiOiJPWWxtYmdLWSIsInJsZCI6ZmFsc2V9</adlcp:datafromlms>
      </item>
    </organization>
  </organizations>
  <resources>
    <resource identifier="r1" type="webcontent" adlcp:scormtype="sco" href="scormdriver/indexAPI.html">
      <!-- SCORMDRIVER STUFF -->
      <file href="scormdriver/LICENSE.txt" />
      <file href="scormdriver/indexAPI.html" />
      <file href="scormdriver/preloadIntegrity.js" />
      <file href="scormdriver/driverOptions.js" />
      <file href="scormdriver/AICCComm.html" />
      <file href="scormdriver/auto-scripts/AutoBookmark.js" />
      <file href="scormdriver/auto-scripts/AutoCompleteSCO.js" />
      <file href="scormdriver/auto-scripts/CourseExit.js" />
      <file href="scormdriver/blank.html" />
      <file href="scormdriver/goodbye.html" />
      <file href="scormdriver/scormdriver.js" />
      <file href="scormdriver/browsersniff.js" />

      <!-- RUNTIME COMMON STUFF -->
      <file href="scormcontent/index.html" />
      <file href="scormcontent/lib/main.bundle.js"/>

      
        <file href="scormcontent/lib/fonts/icomoon.ttf"/>
        <file href="scormcontent/lib/fonts/icomoon.woff"/>

        <file href="scormcontent/lib/icomoon.css"/>
        <file href="scormcontent/lib/main.bundle.css"/>
        <file href="scormcontent/lib/player-0.0.11.min.js"/>
        <file href="scormcontent/lib/lzwcompress.js"/>
      

      <!-- RUNTIME CONTENT STUFF -->
      <file href="scormcontent/lib/fonts/Lato-Light.woff" />
<file href="scormcontent/lib/fonts/Lato-Regular.woff" />
<file href="scormcontent/lib/fonts/Lato-Bold.woff" />
<file href="scormcontent/lib/fonts/Lato-Italic.woff" />
<file href="scormcontent/lib/fonts/Lato-Black.woff" />
<file href="scormcontent/lib/fonts/Merriweather-Light.woff" />
<file href="scormcontent/lib/fonts/Merriweather-Regular.woff" />
<file href="scormcontent/lib/fonts/Merriweather-Bold.woff" />
<file href="scormcontent/lib/fonts/Merriweather-Italic.woff" />
<file href="scormcontent/lib/fonts/Merriweather-Black.woff" />
<file href="scormcontent/assets/XhAxiYhEkhXUDfb2_small.png" />
<file href="scormcontent/assets/Fu4QqeDH8BtU6gTQ_HIxJ5C1grLxMYuBY.png" />
<file href="scormcontent/assets/YFROXt1SZKcF9k2X_kPUcQzwlWBsV9xCG.jpg" />
<file href="scormcontent/assets/tCLcrQx2lXHCCdE1_rwAUcTnWcV7uHjlW.jpg" />
<file href="scormcontent/assets/tS62EI3Uo1b9yCO8_oTx9uGZAxutGMp0j.jpg" />
<file href="scormcontent/assets/w5kT9zXYUV0xigGs_mirv9kHWy83vbyB5.jpg" />
<file href="scormcontent/assets/cnVA4BK2Mp5OEIY4_MeO9u6iQdJsoHjT-.jpg" />
<file href="scormcontent/assets/Am6fIsKnCwzuADFt__YXkq_EUeDY6bnsh.png" />
<file href="scormcontent/assets/Oj_F6Vg37xEXRoS2_G_fDE8A8HPABaAu8.png" />
<file href="scormcontent/assets/3SD5x-PJw9vBzMDX_8TGod-EKFRJQk0mF.png" />
<file href="scormcontent/assets/n78gS9ujF-_Gh_WL_ZPRFgocZ1NL0DB2s.jpg" />

    </resource>
  </resources>
</manifest>
